{"formatVersion":1,"passTypeIdentifier":"pass.com.r2software.businesscard","serialNumber":"1234567890","teamIdentifier":"RX2K96HJZS","organizationName":"Redberry LTD","description":"Business Card","logoText":"Cardify","foregroundColor":"rgb(255, 255, 255)","backgroundColor":"rgb(0, 0, 0)","labelColor":"rgb(255, 255, 255)","generic":{"headerFields":[{"key":"header1","label":"Data","value":"25 mag","textAlignment":"PKTextAlignmentCenter"},{"key":"header2","label":"Volo","value":"EZY997","textAlignment":"PKTextAlignmentCenter"}],"primaryFields":[{"key":"name","label":"Name","value":"John Doe"}],"secondaryFields":[{"key":"title","label":"Title","value":"Software Engineer"},{"key":"secField1","label":"Secondary Info","value":"Some value here"}],"auxiliaryFields":[{"key":"email","label":"Email","value":"john.doe@example.com"},{"key":"phone","label":"Phone","value":"+1 234 567 8900"},{"key":"auxField1","label":"Field 1","value":"Additional Info"}],"backFields":[{"key":"backField1","label":"Back Info","value":"Back Side Information"}],"additionalInfoFields":[]}}